model,test_accuracy,cv_mean_accuracy,cv_std
Decision Tree,0.9385964912280702,0.9226983387672721,0.02950814116955285
Random Forest,0.956140350877193,0.9560937742586555,0.012339688646904016
